Date;Age;Cause;Number;Incidence
27/06/2010;50-64;Respiratory disease;2176;18,013576
04/07/2010;50-64;Respiratory disease;2034;16,838058
11/07/2010;50-64;Respiratory disease;1621;13,419121
18/07/2010;50-64;Respiratory disease;1699;14,064828
25/07/2010;50-64;Respiratory disease;1477;12,227046
01/08/2010;50-64;Respiratory disease;1378;11,407494
08/08/2010;50-64;Respiratory disease;1434;11,871079
15/08/2010;50-64;Respiratory disease;1414;11,705513
22/08/2010;50-64;Respiratory disease;1625;13,452234
29/08/2010;50-64;Respiratory disease;1806;14,950606
05/09/2010;50-64;Respiratory disease;1953;16,167516
12/09/2010;50-64;Respiratory disease;2087;17,276808
19/09/2010;50-64;Respiratory disease;2214;18,328151
26/09/2010;50-64;Respiratory disease;2227;18,435769
03/10/2010;50-64;Respiratory disease;2476;20,497065
10/10/2010;50-64;Respiratory disease;2322;19,222208
17/10/2010;50-64;Respiratory disease;2210;18,295038
24/10/2010;50-64;Respiratory disease;2003;16,581431
31/10/2010;50-64;Respiratory disease;1958;16,208907
07/11/2010;50-64;Respiratory disease;1923;15,919167
14/11/2010;50-64;Respiratory disease;2204;18,245368
21/11/2010;50-64;Respiratory disease;2093;17,326477
28/11/2010;50-64;Respiratory disease;2243;18,568222
05/12/2010;50-64;Respiratory disease;2308;19,106311
12/12/2010;50-64;Respiratory disease;2276;18,841406
19/12/2010;50-64;Respiratory disease;2005;16,597987
26/12/2010;50-64;Respiratory disease;2291;18,96558
02/01/2011;50-64;Respiratory disease;3151;25,639845
09/01/2011;50-64;Respiratory disease;2901;23,605582
16/01/2011;50-64;Respiratory disease;2671;21,734061
23/01/2011;50-64;Respiratory disease;2609;21,229564
30/01/2011;50-64;Respiratory disease;2624;21,351619
06/02/2011;50-64;Respiratory disease;2876;23,402156
13/02/2011;50-64;Respiratory disease;2649;21,555046
20/02/2011;50-64;Respiratory disease;2385;19,406864
27/02/2011;50-64;Respiratory disease;2274;18,503652
06/03/2011;50-64;Respiratory disease;2339;19,03256
13/03/2011;50-64;Respiratory disease;2350;19,122068
20/03/2011;50-64;Respiratory disease;2243;18,251403
27/03/2011;50-64;Respiratory disease;2369;19,276672
03/04/2011;50-64;Respiratory disease;2259;18,381596
10/04/2011;50-64;Respiratory disease;2280;18,552474
17/04/2011;50-64;Respiratory disease;2144;17,445835
24/04/2011;50-64;Respiratory disease;1913;15,566177
01/05/2011;50-64;Respiratory disease;2163;17,600439
08/05/2011;50-64;Respiratory disease;2191;17,828277
15/05/2011;50-64;Respiratory disease;2075;16,884379
22/05/2011;50-64;Respiratory disease;1993;16,217141
29/05/2011;50-64;Respiratory disease;1740;14,158467
05/06/2011;50-64;Respiratory disease;2176;17,706221
12/06/2011;50-64;Respiratory disease;1787;14,540908
19/06/2011;50-64;Respiratory disease;2106;17,136627
26/06/2011;50-64;Respiratory disease;1978;16,095085
03/07/2011;50-64;Respiratory disease;1935;15,745192
10/07/2011;50-64;Respiratory disease;1552;12,628702
17/07/2011;50-64;Respiratory disease;1746;14,207289
24/07/2011;50-64;Respiratory disease;1571;12,783306
31/07/2011;50-64;Respiratory disease;1534;12,482235
07/08/2011;50-64;Respiratory disease;1453;11,823134
14/08/2011;50-64;Respiratory disease;1440;11,717352
21/08/2011;50-64;Respiratory disease;1569;12,767032
28/08/2011;50-64;Respiratory disease;1692;13,767889
04/09/2011;50-64;Respiratory disease;1946;15,834699
11/09/2011;50-64;Respiratory disease;1896;15,427847
18/09/2011;50-64;Respiratory disease;1943;15,810288
25/09/2011;50-64;Respiratory disease;2122;17,26682
02/10/2011;50-64;Respiratory disease;2224;18,096799
09/10/2011;50-64;Respiratory disease;2138;17,397013
16/10/2011;50-64;Respiratory disease;2104;17,120353
23/10/2011;50-64;Respiratory disease;1937;15,761466
30/10/2011;50-64;Respiratory disease;1922;15,63941
06/11/2011;50-64;Respiratory disease;1994;16,225278
13/11/2011;50-64;Respiratory disease;2317;18,853545
20/11/2011;50-64;Respiratory disease;2220;18,064251
27/11/2011;50-64;Respiratory disease;2354;19,154616
04/12/2011;50-64;Respiratory disease;2471;20,106651
11/12/2011;50-64;Respiratory disease;2326;18,926778
18/12/2011;50-64;Respiratory disease;2050;16,680953
25/12/2011;50-64;Respiratory disease;1906;15,509217
01/01/2012;50-64;Respiratory disease;2668;21,634177
08/01/2012;50-64;Respiratory disease;2491;20,198926
15/01/2012;50-64;Respiratory disease;2493;20,215143
22/01/2012;50-64;Respiratory disease;2435;19,744835
29/01/2012;50-64;Respiratory disease;2428;19,688074
05/02/2012;50-64;Respiratory disease;2405;19,501572
12/02/2012;50-64;Respiratory disease;2596;21,050346
19/02/2012;50-64;Respiratory disease;2625;21,2855
26/02/2012;50-64;Respiratory disease;2584;20,953041
04/03/2012;50-64;Respiratory disease;2616;21,212521
11/03/2012;50-64;Respiratory disease;2476;20,077294
18/03/2012;50-64;Respiratory disease;2322;18,828545
25/03/2012;50-64;Respiratory disease;2265;18,366346
01/04/2012;50-64;Respiratory disease;2311;18,739349
08/04/2012;50-64;Respiratory disease;2038;16,525657
15/04/2012;50-64;Respiratory disease;2121;17,198684
22/04/2012;50-64;Respiratory disease;2064;16,736484
29/04/2012;50-64;Respiratory disease;1833;14,86336
06/05/2012;50-64;Respiratory disease;1848;14,984992
13/05/2012;50-64;Respiratory disease;1794;14,547119
20/05/2012;50-64;Respiratory disease;2158;17,498708
27/05/2012;50-64;Respiratory disease;1964;15,925608
03/06/2012;50-64;Respiratory disease;2152;17,450056
10/06/2012;50-64;Respiratory disease;2062;16,720267
17/06/2012;50-64;Respiratory disease;2142;17,368968
24/06/2012;50-64;Respiratory disease;2116;17,15814
01/07/2012;50-64;Respiratory disease;2056;16,671614
08/07/2012;50-64;Respiratory disease;1882;15,26069
15/07/2012;50-64;Respiratory disease;1838;14,903904
22/07/2012;50-64;Respiratory disease;1847;14,976883
29/07/2012;50-64;Respiratory disease;1528;12,390188
05/08/2012;50-64;Respiratory disease;1478;11,98475
12/08/2012;50-64;Respiratory disease;1268;10,28191
19/08/2012;50-64;Respiratory disease;1566;12,698321
26/08/2012;50-64;Respiratory disease;1563;12,673995
02/09/2012;50-64;Respiratory disease;1816;14,725512
09/09/2012;50-64;Respiratory disease;1923;15,593149
16/09/2012;50-64;Respiratory disease;2078;16,850007
23/09/2012;50-64;Respiratory disease;2132;17,28788
30/09/2012;50-64;Respiratory disease;2213;17,94469
07/10/2012;50-64;Respiratory disease;2307;18,706914
14/10/2012;50-64;Respiratory disease;2259;18,317693
21/10/2012;50-64;Respiratory disease;2232;18,098756
28/10/2012;50-64;Respiratory disease;2140;17,35275
04/11/2012;50-64;Respiratory disease;2222;18,017669
11/11/2012;50-64;Respiratory disease;2184;17,709536
18/11/2012;50-64;Respiratory disease;2322;18,828545
25/11/2012;50-64;Respiratory disease;2421;19,631312
02/12/2012;50-64;Respiratory disease;2416;19,590769
09/12/2012;50-64;Respiratory disease;2427;19,679965
16/12/2012;50-64;Respiratory disease;2040;16,541874
23/12/2012;50-64;Respiratory disease;2431;19,7124
30/12/2012;50-64;Respiratory disease;2903;23,522581
06/01/2013;50-64;Respiratory disease;2694;21,829084
13/01/2013;50-64;Respiratory disease;2748;22,266638
20/01/2013;50-64;Respiratory disease;2839;23,003998
27/01/2013;50-64;Respiratory disease;3050;24,7137
03/02/2013;50-64;Respiratory disease;3014;24,421997
10/02/2013;50-64;Respiratory disease;2858;23,157952
17/02/2013;50-64;Respiratory disease;2665;21,594102
24/02/2013;50-64;Respiratory disease;2710;21,95873
03/03/2013;50-64;Respiratory disease;2559;20,735199
10/03/2013;50-64;Respiratory disease;2372;19,219966
17/03/2013;50-64;Respiratory disease;2337;18,936366
24/03/2013;50-64;Respiratory disease;2047;16,586539
31/03/2013;50-64;Respiratory disease;2455;19,892503
07/04/2013;50-64;Respiratory disease;2240;18,150389
14/04/2013;50-64;Respiratory disease;2028;16,432585
21/04/2013;50-64;Respiratory disease;1908;15,460242
28/04/2013;50-64;Respiratory disease;1629;13,199547
05/05/2013;50-64;Respiratory disease;2294;18,587943
12/05/2013;50-64;Respiratory disease;1902;15,411625
19/05/2013;50-64;Respiratory disease;2073;16,797213
26/05/2013;50-64;Respiratory disease;2191;17,75335
02/06/2013;50-64;Respiratory disease;2218;17,972127
09/06/2013;50-64;Respiratory disease;2199;17,818172
16/06/2013;50-64;Respiratory disease;2009;16,278631
23/06/2013;50-64;Respiratory disease;2066;16,740493
30/06/2013;50-64;Respiratory disease;1959;15,873488
07/07/2013;50-64;Respiratory disease;1944;15,751945
14/07/2013;50-64;Respiratory disease;1770;14,342049
21/07/2013;50-64;Respiratory disease;1494;12,105662
28/07/2013;50-64;Respiratory disease;1359;11,011776
04/08/2013;50-64;Respiratory disease;1227;9,9421999
11/08/2013;50-64;Respiratory disease;1422;11,522256
18/08/2013;50-64;Respiratory disease;1529;12,389261
25/08/2013;50-64;Respiratory disease;1813;14,690471
01/09/2013;50-64;Respiratory disease;1825;14,787706
08/09/2013;50-64;Respiratory disease;2048;16,594642
15/09/2013;50-64;Respiratory disease;2251;18,239521
22/09/2013;50-64;Respiratory disease;2289;18,547429
29/09/2013;50-64;Respiratory disease;2165;17,542675
06/10/2013;50-64;Respiratory disease;2156;17,46975
13/10/2013;50-64;Respiratory disease;2054;16,643259
20/10/2013;50-64;Respiratory disease;1863;15,095614
27/10/2013;50-64;Respiratory disease;2151;17,429236
03/11/2013;50-64;Respiratory disease;1938;15,703328
10/11/2013;50-64;Respiratory disease;2142;17,35631
17/11/2013;50-64;Respiratory disease;2158;17,485956
24/11/2013;50-64;Respiratory disease;2172;17,599395
01/12/2013;50-64;Respiratory disease;2225;18,028847
08/12/2013;50-64;Respiratory disease;2238;18,134184
15/12/2013;50-64;Respiratory disease;1898;15,379214
22/12/2013;50-64;Respiratory disease;2056;16,659465
29/12/2013;50-64;Respiratory disease;2807;22,675997
05/01/2014;50-64;Respiratory disease;2524;20,389817
12/01/2014;50-64;Respiratory disease;2544;20,551385
19/01/2014;50-64;Respiratory disease;2472;19,969742
26/01/2014;50-64;Respiratory disease;2684;21,682357
02/02/2014;50-64;Respiratory disease;2877;23,241483
09/02/2014;50-64;Respiratory disease;2772;22,393254
16/02/2014;50-64;Respiratory disease;2642;21,343065
23/02/2014;50-64;Respiratory disease;2388;19,291158
02/03/2014;50-64;Respiratory disease;2517;20,333268
09/03/2014;50-64;Respiratory disease;2468;19,937428
16/03/2014;50-64;Respiratory disease;2307;18,63681
23/03/2014;50-64;Respiratory disease;2297;18,556026
30/03/2014;50-64;Respiratory disease;2322;18,757985
06/04/2014;50-64;Respiratory disease;2190;17,69164
13/04/2014;50-64;Respiratory disease;1908;15,413538
20/04/2014;50-64;Respiratory disease;1799;14,532996
27/04/2014;50-64;Respiratory disease;1860;15,025776
04/05/2014;50-64;Respiratory disease;2101;16,972665
11/05/2014;50-64;Respiratory disease;2159;17,44121
18/05/2014;50-64;Respiratory disease;1789;14,452212
25/05/2014;50-64;Respiratory disease;2110;17,04537
01/06/2014;50-64;Respiratory disease;2059;16,633373
08/06/2014;50-64;Respiratory disease;2096;16,932273
15/06/2014;50-64;Respiratory disease;2011;16,245611
22/06/2014;50-64;Respiratory disease;2016;16,286003
29/06/2014;50-64;Respiratory disease;1901;15,35699
06/07/2014;50-64;Respiratory disease;1742;14,072528
13/07/2014;50-64;Respiratory disease;1825;14,743033
20/07/2014;50-64;Respiratory disease;1612;13,02234
27/07/2014;50-64;Respiratory disease;1494;12,069091
03/08/2014;50-64;Respiratory disease;1365;11,026981
10/08/2014;50-64;Respiratory disease;1453;11,737878
17/08/2014;50-64;Respiratory disease;1656;13,377788
24/08/2014;50-64;Respiratory disease;1879;15,179266
31/08/2014;50-64;Respiratory disease;1890;15,268128
07/09/2014;50-64;Respiratory disease;2019;16,310238
14/09/2014;50-64;Respiratory disease;2032;16,415257
21/09/2014;50-64;Respiratory disease;2261;18,265205
28/09/2014;50-64;Respiratory disease;2193;17,715875
05/10/2014;50-64;Respiratory disease;2138;17,271565
12/10/2014;50-64;Respiratory disease;1885;15,227736
19/10/2014;50-64;Respiratory disease;2051;16,568746
26/10/2014;50-64;Respiratory disease;2212;17,869364
02/11/2014;50-64;Respiratory disease;1880;15,187344
09/11/2014;50-64;Respiratory disease;2207;17,828972
16/11/2014;50-64;Respiratory disease;2207;17,828972
23/11/2014;50-64;Respiratory disease;2258;18,24097
30/11/2014;50-64;Respiratory disease;2414;19,501196
07/12/2014;50-64;Respiratory disease;2326;18,790299
14/12/2014;50-64;Respiratory disease;1946;15,720517
21/12/2014;50-64;Respiratory disease;2121;17,134232
28/12/2014;50-64;Respiratory disease;2861;23,057946
04/01/2015;50-64;Respiratory disease;2863;23,074065
11/01/2015;50-64;Respiratory disease;2763;22,268125
18/01/2015;50-64;Respiratory disease;2810;22,646917
25/01/2015;50-64;Respiratory disease;3212;25,886796
01/02/2015;50-64;Respiratory disease;3218;25,935152
08/02/2015;50-64;Respiratory disease;3080;24,822955
15/02/2015;50-64;Respiratory disease;2920;23,533451
22/02/2015;50-64;Respiratory disease;2693;21,703967
01/03/2015;50-64;Respiratory disease;2501;20,156562
08/03/2015;50-64;Respiratory disease;2352;18,955711
15/03/2015;50-64;Respiratory disease;2310;18,617216
22/03/2015;50-64;Respiratory disease;2221;17,89993
29/03/2015;50-64;Respiratory disease;2089;16,836089
05/04/2015;50-64;Respiratory disease;2371;19,10884
12/04/2015;50-64;Respiratory disease;2079;16,755495
19/04/2015;50-64;Respiratory disease;1965;15,836723
26/04/2015;50-64;Respiratory disease;1925;15,514347
03/05/2015;50-64;Respiratory disease;1934;15,586882
10/05/2015;50-64;Respiratory disease;2048;16,505653
17/05/2015;50-64;Respiratory disease;1900;15,312862
24/05/2015;50-64;Respiratory disease;2120;17,08593
31/05/2015;50-64;Respiratory disease;2207;17,787098
07/06/2015;50-64;Respiratory disease;2133;17,190702
14/06/2015;50-64;Respiratory disease;2092;16,860267
21/06/2015;50-64;Respiratory disease;2088;16,828029
28/06/2015;50-64;Respiratory disease;1964;15,828664
05/07/2015;50-64;Respiratory disease;1649;13,289952
12/07/2015;50-64;Respiratory disease;1764;14,216783
19/07/2015;50-64;Respiratory disease;1594;12,846685
26/07/2015;50-64;Respiratory disease;1518;12,234171
02/08/2015;50-64;Respiratory disease;1421;11,452409
09/08/2015;50-64;Respiratory disease;1520;12,25029
16/08/2015;50-64;Respiratory disease;1605;12,935339
23/08/2015;50-64;Respiratory disease;1801;14,514981
30/08/2015;50-64;Respiratory disease;1969;15,868961
06/09/2015;50-64;Respiratory disease;2031;16,368643
13/09/2015;50-64;Respiratory disease;2224;17,924108
20/09/2015;50-64;Respiratory disease;2299;18,528563
27/09/2015;50-64;Respiratory disease;2519;20,301631
04/10/2015;50-64;Respiratory disease;2209;17,803217
11/10/2015;50-64;Respiratory disease;2184;17,601732
18/10/2015;50-64;Respiratory disease;2056;16,570128
25/10/2015;50-64;Respiratory disease;2294;18,488266
01/11/2015;50-64;Respiratory disease;2011;16,207455
08/11/2015;50-64;Respiratory disease;2160;17,408306
15/11/2015;50-64;Respiratory disease;2114;17,037574
22/11/2015;50-64;Respiratory disease;2300;18,536622
29/11/2015;50-64;Respiratory disease;2309;18,609157
06/12/2015;50-64;Respiratory disease;2290;18,456028
13/12/2015;50-64;Respiratory disease;1814;14,619753
20/12/2015;50-64;Respiratory disease;2076;16,731316
27/12/2015;50-64;Respiratory disease;2896;23,317272
03/01/2016;50-64;Respiratory disease;2597;20,90986
10/01/2016;50-64;Respiratory disease;2485;20,008087
17/01/2016;50-64;Respiratory disease;2447;19,702128
24/01/2016;50-64;Respiratory disease;2740;22,061231
31/01/2016;50-64;Respiratory disease;2653;21,360746
07/02/2016;50-64;Respiratory disease;2543;20,475077
14/02/2016;50-64;Respiratory disease;2767;22,278622
21/02/2016;50-64;Respiratory disease;2659;21,409056
28/02/2016;50-64;Respiratory disease;2783;22,407447
06/03/2016;50-64;Respiratory disease;2770;22,302777
13/03/2016;50-64;Respiratory disease;2895;23,30922
20/03/2016;50-64;Respiratory disease;2608;20,998427
27/03/2016;50-64;Respiratory disease;2551;20,539489
03/04/2016;50-64;Respiratory disease;2413;19,428376
10/04/2016;50-64;Respiratory disease;2289;18,429984
17/04/2016;50-64;Respiratory disease;2250;18,115974
24/04/2016;50-64;Respiratory disease;1940;15,619995
01/05/2016;50-64;Respiratory disease;2319;18,671531
08/05/2016;50-64;Respiratory disease;2063;16,610335
15/05/2016;50-64;Respiratory disease;2209;17,785861
22/05/2016;50-64;Respiratory disease;2174;17,504057
29/05/2016;50-64;Respiratory disease;2353;18,945283
05/06/2016;50-64;Respiratory disease;2207;17,769758
12/06/2016;50-64;Respiratory disease;2226;17,922737
19/06/2016;50-64;Respiratory disease;2141;17,238356
26/06/2016;50-64;Respiratory disease;2000;16,103088
03/07/2016;50-64;Respiratory disease;1788;14,396161
10/07/2016;50-64;Respiratory disease;1982;15,95816
17/07/2016;50-64;Respiratory disease;1720;13,848656
24/07/2016;50-64;Respiratory disease;1476;11,884079
31/07/2016;50-64;Respiratory disease;1483;11,94044
07/08/2016;50-64;Respiratory disease;1466;11,803564
14/08/2016;50-64;Respiratory disease;1558;12,544306
21/08/2016;50-64;Respiratory disease;1766;14,219027
28/08/2016;50-64;Respiratory disease;1835;14,774583
04/09/2016;50-64;Respiratory disease;1982;15,95816
11/09/2016;50-64;Respiratory disease;2093;16,851882
18/09/2016;50-64;Respiratory disease;2293;18,462191
25/09/2016;50-64;Respiratory disease;2273;18,30116
02/10/2016;50-64;Respiratory disease;2249;18,107923
09/10/2016;50-64;Respiratory disease;2250;18,115974
16/10/2016;50-64;Respiratory disease;2047;16,481511
23/10/2016;50-64;Respiratory disease;2046;16,473459
30/10/2016;50-64;Respiratory disease;2095;16,867985
06/11/2016;50-64;Respiratory disease;2295;18,478294
13/11/2016;50-64;Respiratory disease;2305;18,558809
20/11/2016;50-64;Respiratory disease;2345;18,880871
27/11/2016;50-64;Respiratory disease;2524;20,322097
04/12/2016;50-64;Respiratory disease;2726;21,948509
11/12/2016;50-64;Respiratory disease;2423;19,508891
18/12/2016;50-64;Respiratory disease;2798;22,52822
25/12/2016;50-64;Respiratory disease;3309;26,642559
01/01/2017;50-64;Respiratory disease;2964;23,821039
08/01/2017;50-64;Respiratory disease;2785;22,382454
15/01/2017;50-64;Respiratory disease;2748;22,085093
22/01/2017;50-64;Respiratory disease;3004;24,142511
29/01/2017;50-64;Respiratory disease;2632;21,152826
05/02/2017;50-64;Respiratory disease;2468;19,834793
12/02/2017;50-64;Respiratory disease;2295;18,444428
19/02/2017;50-64;Respiratory disease;2385;19,167739
26/02/2017;50-64;Respiratory disease;2339;18,798047
05/03/2017;50-64;Respiratory disease;2260;18,163141
12/03/2017;50-64;Respiratory disease;2287;18,380134
19/03/2017;50-64;Respiratory disease;2272;18,259582
26/03/2017;50-64;Respiratory disease;2080;16,716519
02/04/2017;50-64;Respiratory disease;2184;17,552345
09/04/2017;50-64;Respiratory disease;2007;16,129833
16/04/2017;50-64;Respiratory disease;2243;18,026515
23/04/2017;50-64;Respiratory disease;2066;16,604004
30/04/2017;50-64;Respiratory disease;2106;16,925475
07/05/2017;50-64;Respiratory disease;2279;18,31584
14/05/2017;50-64;Respiratory disease;1793;14,409961
21/05/2017;50-64;Respiratory disease;2267;18,219398
28/05/2017;50-64;Respiratory disease;1949;15,6637
04/06/2017;50-64;Respiratory disease;2154;17,311241
11/06/2017;50-64;Respiratory disease;2122;17,054064
18/06/2017;50-64;Respiratory disease;2003;16,097686
25/06/2017;50-64;Respiratory disease;1939;15,583332
02/07/2017;50-64;Respiratory disease;1689;13,574135
09/07/2017;50-64;Respiratory disease;1811;14,554623
16/07/2017;50-64;Respiratory disease;1694;13,614319
23/07/2017;50-64;Respiratory disease;1547;12,432911
30/07/2017;50-64;Respiratory disease;1456;11,701563
06/08/2017;50-64;Respiratory disease;1339;10,761259
13/08/2017;50-64;Respiratory disease;1598;12,842787
20/08/2017;50-64;Respiratory disease;1846;14,83591
27/08/2017;50-64;Respiratory disease;1923;15,454743
03/09/2017;50-64;Respiratory disease;2036;16,3629
10/09/2017;50-64;Respiratory disease;2244;18,034552
17/09/2017;50-64;Respiratory disease;2495;20,051786
24/09/2017;50-64;Respiratory disease;2394;19,24007
01/10/2017;50-64;Respiratory disease;2368;19,031114
08/10/2017;50-64;Respiratory disease;2447;19,66602
15/10/2017;50-64;Respiratory disease;1972;15,848546
22/10/2017;50-64;Respiratory disease;1886;15,157382
29/10/2017;50-64;Respiratory disease;2283;18,347987
05/11/2017;50-64;Respiratory disease;2253;18,106883
12/11/2017;50-64;Respiratory disease;2374;19,079335
19/11/2017;50-64;Respiratory disease;2399;19,280254
26/11/2017;50-64;Respiratory disease;2537;20,389331
03/12/2017;50-64;Respiratory disease;2859;22,977177
10/12/2017;50-64;Respiratory disease;2743;22,044909
17/12/2017;50-64;Respiratory disease;3068;24,656865
24/12/2017;50-64;Respiratory disease;3626;29,141393
31/12/2017;50-64;Respiratory disease;3547;28,479396
07/01/2018;50-64;Respiratory disease;2998;24,071393
14/01/2018;50-64;Respiratory disease;2731;21,92761
21/01/2018;50-64;Respiratory disease;2803;22,505708
28/01/2018;50-64;Respiratory disease;2777;22,29695
04/02/2018;50-64;Respiratory disease;2863;22,987457
11/02/2018;50-64;Respiratory disease;2893;23,228332
18/02/2018;50-64;Respiratory disease;2858;22,947312
25/02/2018;50-64;Respiratory disease;3235;25,974301
04/03/2018;50-64;Respiratory disease;3053;24,512996
11/03/2018;50-64;Respiratory disease;2784;22,353154
18/03/2018;50-64;Respiratory disease;2551;20,482362
25/03/2018;50-64;Respiratory disease;2408;19,334194
01/04/2018;50-64;Respiratory disease;2622;21,052432
08/04/2018;50-64;Respiratory disease;2269;18,218142
15/04/2018;50-64;Respiratory disease;2351;18,876532
22/04/2018;50-64;Respiratory disease;1925;15,456114
29/04/2018;50-64;Respiratory disease;1666;13,376564
06/05/2018;50-64;Respiratory disease;2257;18,121792
13/05/2018;50-64;Respiratory disease;1967;15,793339
20/05/2018;50-64;Respiratory disease;2220;17,824714
27/05/2018;50-64;Respiratory disease;2173;17,447344
03/06/2018;50-64;Respiratory disease;2240;17,985297
10/06/2018;50-64;Respiratory disease;2247;18,041501
17/06/2018;50-64;Respiratory disease;2304;18,499162
24/06/2018;50-64;Respiratory disease;2253;18,089676
01/07/2018;50-64;Respiratory disease;2009;16,130563
08/07/2018;50-64;Respiratory disease;1922;15,432027
15/07/2018;50-64;Respiratory disease;1771;14,219625
22/07/2018;50-64;Respiratory disease;1679;13,480943
29/07/2018;50-64;Respiratory disease;1548;12,429125
05/08/2018;50-64;Respiratory disease;1316;10,566362
12/08/2018;50-64;Respiratory disease;1592;12,782407
19/08/2018;50-64;Respiratory disease;1715;13,769993
26/08/2018;50-64;Respiratory disease;1902;15,271444
02/09/2018;50-64;Respiratory disease;2076;16,668516
09/09/2018;50-64;Respiratory disease;2124;17,053915
16/09/2018;50-64;Respiratory disease;2136;17,150265
23/09/2018;50-64;Respiratory disease;2199;17,656102
30/09/2018;50-64;Respiratory disease;2340;18,788212
07/10/2018;50-64;Respiratory disease;2235;17,945151
14/10/2018;50-64;Respiratory disease;1954;15,68896
21/10/2018;50-64;Respiratory disease;1830;14,693345
28/10/2018;50-64;Respiratory disease;2273;18,250259
04/11/2018;50-64;Respiratory disease;2236;17,95318
11/11/2018;50-64;Respiratory disease;2313;18,571425
18/11/2018;50-64;Respiratory disease;2462;19,767768
25/11/2018;50-64;Respiratory disease;2363;18,972882
02/12/2018;50-64;Respiratory disease;2413;19,37434
09/12/2018;50-64;Respiratory disease;2457;19,727622
16/12/2018;50-64;Respiratory disease;2021;16,226913
23/12/2018;50-64;Respiratory disease;2516;20,201342
30/12/2018;50-64;Respiratory disease;3105;24,888706
06/01/2019;50-64;Respiratory disease;3034;24,319592
13/01/2019;50-64;Respiratory disease;3034;24,319592
20/01/2019;50-64;Respiratory disease;3291;26,379624
27/01/2019;50-64;Respiratory disease;3477;27,870542
03/02/2019;50-64;Respiratory disease;3489;27,96673
10/02/2019;50-64;Respiratory disease;3065;24,568079
17/02/2019;50-64;Respiratory disease;2874;23,037083
24/02/2019;50-64;Respiratory disease;2646;21,209506
03/03/2019;50-64;Respiratory disease;2337;18,732659
10/03/2019;50-64;Respiratory disease;2338;18,740675
17/03/2019;50-64;Respiratory disease;2392;19,173522
24/03/2019;50-64;Respiratory disease;2372;19,013208
31/03/2019;50-64;Respiratory disease;2252;18,051326
07/04/2019;50-64;Respiratory disease;2263;18,139498
14/04/2019;50-64;Respiratory disease;2218;17,778792
21/04/2019;50-64;Respiratory disease;2000;16,031373
28/04/2019;50-64;Respiratory disease;1986;15,919153
05/05/2019;50-64;Respiratory disease;2195;17,594432
12/05/2019;50-64;Respiratory disease;2319;18,588377
19/05/2019;50-64;Respiratory disease;1925;15,430196
26/05/2019;50-64;Respiratory disease;2313;18,540283
02/06/2019;50-64;Respiratory disease;2002;16,047404
09/06/2019;50-64;Respiratory disease;2231;17,882996
16/06/2019;50-64;Respiratory disease;2121;17,001271
23/06/2019;50-64;Respiratory disease;2102;16,848973
30/06/2019;50-64;Respiratory disease;1942;15,566463
07/07/2019;50-64;Respiratory disease;1806;14,47633
14/07/2019;50-64;Respiratory disease;1811;14,516408
21/07/2019;50-64;Respiratory disease;1559;12,496455
28/07/2019;50-64;Respiratory disease;1499;12,015514
04/08/2019;50-64;Respiratory disease;1274;10,211984
11/08/2019;50-64;Respiratory disease;1557;12,480424
18/08/2019;50-64;Respiratory disease;1849;14,821004
25/08/2019;50-64;Respiratory disease;1829;14,66069
01/09/2019;50-64;Respiratory disease;1957;15,686698
08/09/2019;50-64;Respiratory disease;1980;15,871059
15/09/2019;50-64;Respiratory disease;2209;17,706651
22/09/2019;50-64;Respiratory disease;2180;17,474196
29/09/2019;50-64;Respiratory disease;2292;18,371953
06/10/2019;50-64;Respiratory disease;2304;18,468141
13/10/2019;50-64;Respiratory disease;2001;16,039388
20/10/2019;50-64;Respiratory disease;1943;15,574479
27/10/2019;50-64;Respiratory disease;2453;19,662479
03/11/2019;50-64;Respiratory disease;2147;17,209679
10/11/2019;50-64;Respiratory disease;2419;19,389945
17/11/2019;50-64;Respiratory disease;2308;18,500204
24/11/2019;50-64;Respiratory disease;2359;18,909004
01/12/2019;50-64;Respiratory disease;2597;20,816738
08/12/2019;50-64;Respiratory disease;2447;19,614385
15/12/2019;50-64;Respiratory disease;1839;14,740847
22/12/2019;50-64;Respiratory disease;2089;16,744769
29/12/2019;50-64;Respiratory disease;2799;22,398164
05/01/2020;50-64;Respiratory disease;2627;21,021785
12/01/2020;50-64;Respiratory disease;2565;20,525649
19/01/2020;50-64;Respiratory disease;2668;21,349875
26/01/2020;50-64;Respiratory disease;2810;22,486188
02/02/2020;50-64;Respiratory disease;2821;22,574212
09/02/2020;50-64;Respiratory disease;2600;20,805726
16/02/2020;50-64;Respiratory disease;2692;21,541928
23/02/2020;50-64;Respiratory disease;2745;21,966045
01/03/2020;50-64;Respiratory disease;2688;21,50992
08/03/2020;50-64;Respiratory disease;2347;18,781169
15/03/2020;50-64;Respiratory disease;2028;16,228466
22/03/2020;50-64;Respiratory disease;1698;13,587739
29/03/2020;50-64;Respiratory disease;1494;11,95529
05/04/2020;50-64;Respiratory disease;1295;10,362852
12/04/2020;50-64;Respiratory disease;1292;10,338845
19/04/2020;50-64;Respiratory disease;1200;9,6026426
26/04/2020;50-64;Respiratory disease;1247;9,9787462
03/05/2020;50-64;Respiratory disease;1414;11,315114
10/05/2020;50-64;Respiratory disease;1327;10,618922
17/05/2020;50-64;Respiratory disease;1502;12,019308
24/05/2020;50-64;Respiratory disease;1517;12,139341
31/05/2020;50-64;Respiratory disease;1615;12,923557
07/06/2020;50-64;Respiratory disease;1596;12,771515
14/06/2020;50-64;Respiratory disease;1735;13,883821
21/06/2020;50-64;Respiratory disease;1646;13,171625
28/06/2020;50-64;Respiratory disease;1666;13,331669
27/06/2010;65-74;Respiratory disease;1464;29,493729
04/07/2010;65-74;Respiratory disease;1438;28,969934
11/07/2010;65-74;Respiratory disease;1260;25,383947
18/07/2010;65-74;Respiratory disease;1222;24,6184
25/07/2010;65-74;Respiratory disease;1235;24,880298
01/08/2010;65-74;Respiratory disease;1089;21,938983
08/08/2010;65-74;Respiratory disease;1099;22,140443
15/08/2010;65-74;Respiratory disease;1090;21,959129
22/08/2010;65-74;Respiratory disease;1160;23,369348
29/08/2010;65-74;Respiratory disease;1240;24,981028
05/09/2010;65-74;Respiratory disease;1317;26,532269
12/09/2010;65-74;Respiratory disease;1404;28,28497
19/09/2010;65-74;Respiratory disease;1492;30,057817
26/09/2010;65-74;Respiratory disease;1525;30,722635
03/10/2010;65-74;Respiratory disease;1667;33,583365
10/10/2010;65-74;Respiratory disease;1581;31,85081
17/10/2010;65-74;Respiratory disease;1594;32,112708
24/10/2010;65-74;Respiratory disease;1526;30,742781
31/10/2010;65-74;Respiratory disease;1530;30,823365
07/11/2010;65-74;Respiratory disease;1499;30,198839
14/11/2010;65-74;Respiratory disease;1631;32,85811
21/11/2010;65-74;Respiratory disease;1530;30,823365
28/11/2010;65-74;Respiratory disease;1578;31,790372
05/12/2010;65-74;Respiratory disease;1639;33,019277
12/12/2010;65-74;Respiratory disease;1651;33,261029
19/12/2010;65-74;Respiratory disease;1526;30,742781
26/12/2010;65-74;Respiratory disease;1905;38,378111
02/01/2011;65-74;Respiratory disease;2336;46,728308
09/01/2011;65-74;Respiratory disease;2038;40,767248
16/01/2011;65-74;Respiratory disease;1888;37,766715
23/01/2011;65-74;Respiratory disease;1923;38,466839
30/01/2011;65-74;Respiratory disease;2000;40,007113
06/02/2011;65-74;Respiratory disease;2082;41,647405
13/02/2011;65-74;Respiratory disease;2000;40,007113
20/02/2011;65-74;Respiratory disease;1772;35,446302
27/02/2011;65-74;Respiratory disease;1721;34,426121
06/03/2011;65-74;Respiratory disease;1800;36,006402
13/03/2011;65-74;Respiratory disease;1805;36,10642
20/03/2011;65-74;Respiratory disease;1692;33,846018
27/03/2011;65-74;Respiratory disease;1712;34,246089
03/04/2011;65-74;Respiratory disease;1755;35,106242
10/04/2011;65-74;Respiratory disease;1671;33,425943
17/04/2011;65-74;Respiratory disease;1649;32,985865
24/04/2011;65-74;Respiratory disease;1586;31,725641
01/05/2011;65-74;Respiratory disease;1610;32,205726
08/05/2011;65-74;Respiratory disease;1618;32,365755
15/05/2011;65-74;Respiratory disease;1541;30,825481
22/05/2011;65-74;Respiratory disease;1543;30,865488
29/05/2011;65-74;Respiratory disease;1341;26,824769
05/06/2011;65-74;Respiratory disease;1563;31,265559
12/06/2011;65-74;Respiratory disease;1414;28,285029
19/06/2011;65-74;Respiratory disease;1518;30,365399
26/06/2011;65-74;Respiratory disease;1493;29,86531
03/07/2011;65-74;Respiratory disease;1449;28,985154
10/07/2011;65-74;Respiratory disease;1171;23,424165
17/07/2011;65-74;Respiratory disease;1327;26,54472
24/07/2011;65-74;Respiratory disease;1266;25,324503
31/07/2011;65-74;Respiratory disease;1213;24,264314
07/08/2011;65-74;Respiratory disease;1152;23,044097
14/08/2011;65-74;Respiratory disease;1111;22,223951
21/08/2011;65-74;Respiratory disease;1203;24,064279
28/08/2011;65-74;Respiratory disease;1149;22,984087
04/09/2011;65-74;Respiratory disease;1284;25,684567
11/09/2011;65-74;Respiratory disease;1269;25,384513
18/09/2011;65-74;Respiratory disease;1437;28,745111
25/09/2011;65-74;Respiratory disease;1432;28,645093
02/10/2011;65-74;Respiratory disease;1636;32,725819
09/10/2011;65-74;Respiratory disease;1497;29,945324
16/10/2011;65-74;Respiratory disease;1518;30,365399
23/10/2011;65-74;Respiratory disease;1524;30,48542
30/10/2011;65-74;Respiratory disease;1525;30,505424
06/11/2011;65-74;Respiratory disease;1483;29,665274
13/11/2011;65-74;Respiratory disease;1621;32,425765
20/11/2011;65-74;Respiratory disease;1615;32,305744
27/11/2011;65-74;Respiratory disease;1650;33,005868
04/12/2011;65-74;Respiratory disease;1722;34,446125
11/12/2011;65-74;Respiratory disease;1847;36,946569
18/12/2011;65-74;Respiratory disease;1659;33,1859
25/12/2011;65-74;Respiratory disease;1776;35,526317
01/01/2012;65-74;Respiratory disease;2151;41,198531
08/01/2012;65-74;Respiratory disease;1995;38,210632
15/01/2012;65-74;Respiratory disease;1904;36,46769
22/01/2012;65-74;Respiratory disease;1864;35,701563
29/01/2012;65-74;Respiratory disease;1862;35,663256
05/02/2012;65-74;Respiratory disease;1991;38,134019
12/02/2012;65-74;Respiratory disease;2279;43,65014
19/02/2012;65-74;Respiratory disease;2400;45,967677
26/02/2012;65-74;Respiratory disease;2349;44,990864
04/03/2012;65-74;Respiratory disease;2227;42,654174
11/03/2012;65-74;Respiratory disease;1968;37,693495
18/03/2012;65-74;Respiratory disease;1942;37,195512
25/03/2012;65-74;Respiratory disease;1794;34,360839
01/04/2012;65-74;Respiratory disease;1838;35,203579
08/04/2012;65-74;Respiratory disease;1807;34,60983
15/04/2012;65-74;Respiratory disease;1788;34,245919
22/04/2012;65-74;Respiratory disease;1776;34,016081
29/04/2012;65-74;Respiratory disease;1577;30,204594
06/05/2012;65-74;Respiratory disease;1529;29,285241
13/05/2012;65-74;Respiratory disease;1440;27,580606
20/05/2012;65-74;Respiratory disease;1685;32,27314
27/05/2012;65-74;Respiratory disease;1562;29,917296
03/06/2012;65-74;Respiratory disease;1586;30,376973
10/06/2012;65-74;Respiratory disease;1544;29,572539
17/06/2012;65-74;Respiratory disease;1590;30,453586
24/06/2012;65-74;Respiratory disease;1559;29,859837
01/07/2012;65-74;Respiratory disease;1539;29,476773
08/07/2012;65-74;Respiratory disease;1389;26,603793
15/07/2012;65-74;Respiratory disease;1382;26,469721
22/07/2012;65-74;Respiratory disease;1442;27,618913
29/07/2012;65-74;Respiratory disease;1302;24,937465
05/08/2012;65-74;Respiratory disease;1204;23,060451
12/08/2012;65-74;Respiratory disease;1084;20,762067
19/08/2012;65-74;Respiratory disease;1201;23,002992
26/08/2012;65-74;Respiratory disease;1192;22,830613
02/09/2012;65-74;Respiratory disease;1331;25,492908
09/09/2012;65-74;Respiratory disease;1370;26,239882
16/09/2012;65-74;Respiratory disease;1440;27,580606
23/09/2012;65-74;Respiratory disease;1552;29,725764
30/09/2012;65-74;Respiratory disease;1686;32,292293
07/10/2012;65-74;Respiratory disease;1692;32,407212
14/10/2012;65-74;Respiratory disease;1641;31,430399
21/10/2012;65-74;Respiratory disease;1706;32,675357
28/10/2012;65-74;Respiratory disease;1728;33,096727
04/11/2012;65-74;Respiratory disease;1633;31,277174
11/11/2012;65-74;Respiratory disease;1711;32,771123
18/11/2012;65-74;Respiratory disease;1787;34,226766
25/11/2012;65-74;Respiratory disease;1773;33,958621
02/12/2012;65-74;Respiratory disease;1916;36,697529
09/12/2012;65-74;Respiratory disease;1913;36,640069
16/12/2012;65-74;Respiratory disease;1952;37,387044
23/12/2012;65-74;Respiratory disease;2127;40,738854
30/12/2012;65-74;Respiratory disease;2303;42,003174
06/01/2013;65-74;Respiratory disease;2068;37,717136
13/01/2013;65-74;Respiratory disease;2092;38,154859
20/01/2013;65-74;Respiratory disease;2313;42,185558
27/01/2013;65-74;Respiratory disease;2286;41,69312
03/02/2013;65-74;Respiratory disease;2353;42,915097
10/02/2013;65-74;Respiratory disease;2321;42,331466
17/02/2013;65-74;Respiratory disease;2144;39,103259
24/02/2013;65-74;Respiratory disease;2226;40,598812
03/03/2013;65-74;Respiratory disease;2019;36,823451
10/03/2013;65-74;Respiratory disease;1896;34,580121
17/03/2013;65-74;Respiratory disease;1899;34,634836
24/03/2013;65-74;Respiratory disease;1741;31,753159
31/03/2013;65-74;Respiratory disease;1915;34,926651
07/04/2013;65-74;Respiratory disease;1815;33,102805
14/04/2013;65-74;Respiratory disease;1710;31,187767
21/04/2013;65-74;Respiratory disease;1654;30,166413
28/04/2013;65-74;Respiratory disease;1447;26,391052
05/05/2013;65-74;Respiratory disease;1826;33,303428
12/05/2013;65-74;Respiratory disease;1528;27,868367
19/05/2013;65-74;Respiratory disease;1790;32,646844
26/05/2013;65-74;Respiratory disease;1710;31,187767
02/06/2013;65-74;Respiratory disease;1788;32,610367
09/06/2013;65-74;Respiratory disease;1670;30,458229
16/06/2013;65-74;Respiratory disease;1598;29,145059
23/06/2013;65-74;Respiratory disease;1571;28,652621
30/06/2013;65-74;Respiratory disease;1519;27,704221
07/07/2013;65-74;Respiratory disease;1536;28,014275
14/07/2013;65-74;Respiratory disease;1439;26,245144
21/07/2013;65-74;Respiratory disease;1356;24,731352
28/07/2013;65-74;Respiratory disease;1233;22,488021
04/08/2013;65-74;Respiratory disease;1064;19,405722
11/08/2013;65-74;Respiratory disease;1261;22,998698
18/08/2013;65-74;Respiratory disease;1286;23,45466
25/08/2013;65-74;Respiratory disease;1360;24,804306
01/09/2013;65-74;Respiratory disease;1373;25,041406
08/09/2013;65-74;Respiratory disease;1558;28,415521
15/09/2013;65-74;Respiratory disease;1693;30,877713
22/09/2013;65-74;Respiratory disease;1688;30,786521
29/09/2013;65-74;Respiratory disease;1679;30,622375
06/10/2013;65-74;Respiratory disease;1636;29,838121
13/10/2013;65-74;Respiratory disease;1640;29,911075
20/10/2013;65-74;Respiratory disease;1501;27,375929
27/10/2013;65-74;Respiratory disease;1695;30,91419
03/11/2013;65-74;Respiratory disease;1474;26,88349
10/11/2013;65-74;Respiratory disease;1666;30,385275
17/11/2013;65-74;Respiratory disease;1650;30,093459
24/11/2013;65-74;Respiratory disease;1790;32,646844
01/12/2013;65-74;Respiratory disease;1863;33,978251
08/12/2013;65-74;Respiratory disease;1866;34,032967
15/12/2013;65-74;Respiratory disease;1693;30,877713
22/12/2013;65-74;Respiratory disease;2014;36,732259
29/12/2013;65-74;Respiratory disease;2233;38,79325
05/01/2014;65-74;Respiratory disease;2112;36,691153
12/01/2014;65-74;Respiratory disease;2007;34,867019
19/01/2014;65-74;Respiratory disease;2087;36,256835
26/01/2014;65-74;Respiratory disease;2237;38,862741
02/02/2014;65-74;Respiratory disease;2250;39,088586
09/02/2014;65-74;Respiratory disease;2281;39,62714
16/02/2014;65-74;Respiratory disease;2155;37,438179
23/02/2014;65-74;Respiratory disease;2096;36,41319
02/03/2014;65-74;Respiratory disease;2088;36,274208
09/03/2014;65-74;Respiratory disease;2060;35,787772
16/03/2014;65-74;Respiratory disease;1885;32,747549
23/03/2014;65-74;Respiratory disease;1978;34,36321
30/03/2014;65-74;Respiratory disease;1894;32,903903
06/04/2014;65-74;Respiratory disease;1829;31,774677
13/04/2014;65-74;Respiratory disease;1682;29,22089
20/04/2014;65-74;Respiratory disease;1647;28,612845
27/04/2014;65-74;Respiratory disease;1621;28,161155
04/05/2014;65-74;Respiratory disease;1633;28,369627
11/05/2014;65-74;Respiratory disease;1674;29,081908
18/05/2014;65-74;Respiratory disease;1524;26,476002
25/05/2014;65-74;Respiratory disease;1805;31,357732
01/06/2014;65-74;Respiratory disease;1600;27,796328
08/06/2014;65-74;Respiratory disease;1605;27,883191
15/06/2014;65-74;Respiratory disease;1686;29,290381
22/06/2014;65-74;Respiratory disease;1598;27,761583
29/06/2014;65-74;Respiratory disease;1584;27,518365
06/07/2014;65-74;Respiratory disease;1405;24,40865
13/07/2014;65-74;Respiratory disease;1424;24,738732
20/07/2014;65-74;Respiratory disease;1389;24,130687
27/07/2014;65-74;Respiratory disease;1299;22,567144
03/08/2014;65-74;Respiratory disease;1097;19,057857
10/08/2014;65-74;Respiratory disease;1348;23,418406
17/08/2014;65-74;Respiratory disease;1345;23,366288
24/08/2014;65-74;Respiratory disease;1448;25,155677
31/08/2014;65-74;Respiratory disease;1444;25,086186
07/09/2014;65-74;Respiratory disease;1596;27,726837
14/09/2014;65-74;Respiratory disease;1581;27,466247
21/09/2014;65-74;Respiratory disease;1709;29,689953
28/09/2014;65-74;Respiratory disease;1730;30,05478
05/10/2014;65-74;Respiratory disease;1770;30,749688
12/10/2014;65-74;Respiratory disease;1594;27,692092
19/10/2014;65-74;Respiratory disease;1586;27,55311
26/10/2014;65-74;Respiratory disease;1742;30,263252
02/11/2014;65-74;Respiratory disease;1648;28,630218
09/11/2014;65-74;Respiratory disease;1762;30,610706
16/11/2014;65-74;Respiratory disease;1838;31,931032
23/11/2014;65-74;Respiratory disease;1954;33,946266
30/11/2014;65-74;Respiratory disease;2010;34,919137
07/12/2014;65-74;Respiratory disease;1989;34,55431
14/12/2014;65-74;Respiratory disease;1796;31,201378
21/12/2014;65-74;Respiratory disease;2297;39,905103
28/12/2014;65-74;Respiratory disease;2582;42,883783
04/01/2015;65-74;Respiratory disease;2482;41,222909
11/01/2015;65-74;Respiratory disease;2456;40,791081
18/01/2015;65-74;Respiratory disease;2620;43,514916
25/01/2015;65-74;Respiratory disease;2810;46,670577
01/02/2015;65-74;Respiratory disease;3038;50,457372
08/02/2015;65-74;Respiratory disease;2920;48,49754
15/02/2015;65-74;Respiratory disease;2735;45,424921
22/02/2015;65-74;Respiratory disease;2358;39,163424
01/03/2015;65-74;Respiratory disease;2122;35,24376
08/03/2015;65-74;Respiratory disease;2050;34,04793
15/03/2015;65-74;Respiratory disease;2040;33,881843
22/03/2015;65-74;Respiratory disease;2011;33,400189
29/03/2015;65-74;Respiratory disease;1877;31,174617
05/04/2015;65-74;Respiratory disease;1924;31,955228
12/04/2015;65-74;Respiratory disease;1834;30,460441
19/04/2015;65-74;Respiratory disease;1734;28,799566
26/04/2015;65-74;Respiratory disease;1744;28,965654
03/05/2015;65-74;Respiratory disease;1739;28,88261
10/05/2015;65-74;Respiratory disease;1761;29,248002
17/05/2015;65-74;Respiratory disease;1629;27,055648
24/05/2015;65-74;Respiratory disease;1714;28,467391
31/05/2015;65-74;Respiratory disease;1712;28,434174
07/06/2015;65-74;Respiratory disease;1789;29,713047
14/06/2015;65-74;Respiratory disease;1690;28,068781
21/06/2015;65-74;Respiratory disease;1633;27,122083
28/06/2015;65-74;Respiratory disease;1621;26,922778
05/07/2015;65-74;Respiratory disease;1392;23,119375
12/07/2015;65-74;Respiratory disease;1539;25,560861
19/07/2015;65-74;Respiratory disease;1448;24,049465
26/07/2015;65-74;Respiratory disease;1433;23,800334
02/08/2015;65-74;Respiratory disease;1369;22,737374
09/08/2015;65-74;Respiratory disease;1357;22,538069
16/08/2015;65-74;Respiratory disease;1374;22,820418
23/08/2015;65-74;Respiratory disease;1515;25,162251
30/08/2015;65-74;Respiratory disease;1555;25,826601
06/09/2015;65-74;Respiratory disease;1690;28,068781
13/09/2015;65-74;Respiratory disease;1732;28,766349
20/09/2015;65-74;Respiratory disease;1997;33,167667
27/09/2015;65-74;Respiratory disease;1991;33,068014
04/10/2015;65-74;Respiratory disease;1912;31,755923
11/10/2015;65-74;Respiratory disease;1869;31,041747
18/10/2015;65-74;Respiratory disease;1874;31,124791
25/10/2015;65-74;Respiratory disease;1894;31,456966
01/11/2015;65-74;Respiratory disease;1646;27,337997
08/11/2015;65-74;Respiratory disease;1863;30,942095
15/11/2015;65-74;Respiratory disease;1818;30,194701
22/11/2015;65-74;Respiratory disease;1914;31,789141
29/11/2015;65-74;Respiratory disease;2088;34,679063
06/12/2015;65-74;Respiratory disease;2104;34,944802
13/12/2015;65-74;Respiratory disease;1869;31,041747
20/12/2015;65-74;Respiratory disease;2268;37,668637
27/12/2015;65-74;Respiratory disease;2704;42,809554
03/01/2016;65-74;Respiratory disease;2318;36,698427
10/01/2016;65-74;Respiratory disease;2183;34,561116
17/01/2016;65-74;Respiratory disease;2289;36,239301
24/01/2016;65-74;Respiratory disease;2381;37,695839
31/01/2016;65-74;Respiratory disease;2460;38,946562
07/02/2016;65-74;Respiratory disease;2363;37,410864
14/02/2016;65-74;Respiratory disease;2509;39,722327
21/02/2016;65-74;Respiratory disease;2532;40,086461
28/02/2016;65-74;Respiratory disease;2487;39,374024
06/03/2016;65-74;Respiratory disease;2516;39,83315
13/03/2016;65-74;Respiratory disease;2632;41,669655
20/03/2016;65-74;Respiratory disease;2431;38,487436
27/03/2016;65-74;Respiratory disease;2493;39,469016
03/04/2016;65-74;Respiratory disease;2190;34,671939
10/04/2016;65-74;Respiratory disease;2112;33,437048
17/04/2016;65-74;Respiratory disease;1929;30,539804
24/04/2016;65-74;Respiratory disease;1766;27,959199
01/05/2016;65-74;Respiratory disease;2070;32,772107
08/05/2016;65-74;Respiratory disease;1797;28,449989
15/05/2016;65-74;Respiratory disease;1844;29,19409
22/05/2016;65-74;Respiratory disease;1952;30,903939
29/05/2016;65-74;Respiratory disease;1947;30,824779
05/06/2016;65-74;Respiratory disease;1891;29,938191
12/06/2016;65-74;Respiratory disease;1902;30,112342
19/06/2016;65-74;Respiratory disease;1777;28,13335
26/06/2016;65-74;Respiratory disease;1777;28,13335
03/07/2016;65-74;Respiratory disease;1629;25,790223
10/07/2016;65-74;Respiratory disease;1721;27,246761
17/07/2016;65-74;Respiratory disease;1658;26,24935
24/07/2016;65-74;Respiratory disease;1461;23,130458
31/07/2016;65-74;Respiratory disease;1354;21,436441
07/08/2016;65-74;Respiratory disease;1481;23,447097
14/08/2016;65-74;Respiratory disease;1440;22,797988
21/08/2016;65-74;Respiratory disease;1519;24,04871
28/08/2016;65-74;Respiratory disease;1617;25,60024
04/09/2016;65-74;Respiratory disease;1630;25,806055
11/09/2016;65-74;Respiratory disease;1787;28,291669
18/09/2016;65-74;Respiratory disease;1946;30,808947
25/09/2016;65-74;Respiratory disease;1978;31,315569
02/10/2016;65-74;Respiratory disease;1974;31,252241
09/10/2016;65-74;Respiratory disease;2053;32,502964
16/10/2016;65-74;Respiratory disease;1974;31,252241
23/10/2016;65-74;Respiratory disease;1840;29,130762
30/10/2016;65-74;Respiratory disease;1892;29,954022
06/11/2016;65-74;Respiratory disease;2047;32,407973
13/11/2016;65-74;Respiratory disease;2173;34,402796
20/11/2016;65-74;Respiratory disease;2126;33,658695
27/11/2016;65-74;Respiratory disease;2337;36,999234
04/12/2016;65-74;Respiratory disease;2632;41,669655
11/12/2016;65-74;Respiratory disease;2852;45,152681
18/12/2016;65-74;Respiratory disease;3308;52,372044
25/12/2016;65-74;Respiratory disease;3672;58,134868
01/01/2017;65-74;Respiratory disease;3083;46,800702
08/01/2017;65-74;Respiratory disease;2813;42,702035
15/01/2017;65-74;Respiratory disease;2892;43,901275
22/01/2017;65-74;Respiratory disease;3060;46,451556
29/01/2017;65-74;Respiratory disease;2553;38,755171
05/02/2017;65-74;Respiratory disease;2444;37,100524
12/02/2017;65-74;Respiratory disease;2305;34,99047
19/02/2017;65-74;Respiratory disease;2266;34,39844
26/02/2017;65-74;Respiratory disease;2157;32,743793
05/03/2017;65-74;Respiratory disease;2103;31,92406
12/03/2017;65-74;Respiratory disease;1975;29,980988
19/03/2017;65-74;Respiratory disease;2098;31,848159
26/03/2017;65-74;Respiratory disease;2085;31,650815
02/04/2017;65-74;Respiratory disease;2033;30,861443
09/04/2017;65-74;Respiratory disease;1937;29,404139
16/04/2017;65-74;Respiratory disease;2106;31,969601
23/04/2017;65-74;Respiratory disease;1902;28,87283
30/04/2017;65-74;Respiratory disease;1864;28,295981
07/05/2017;65-74;Respiratory disease;2059;31,256129
14/05/2017;65-74;Respiratory disease;1743;26,459171
21/05/2017;65-74;Respiratory disease;2093;31,772257
28/05/2017;65-74;Respiratory disease;1693;25,700159
04/06/2017;65-74;Respiratory disease;1816;27,567329
11/06/2017;65-74;Respiratory disease;1940;29,44968
18/06/2017;65-74;Respiratory disease;1820;27,62805
25/06/2017;65-74;Respiratory disease;1792;27,203003
02/07/2017;65-74;Respiratory disease;1596;24,227675
09/07/2017;65-74;Respiratory disease;1670;25,351013
16/07/2017;65-74;Respiratory disease;1610;24,440198
23/07/2017;65-74;Respiratory disease;1510;22,922173
30/07/2017;65-74;Respiratory disease;1454;22,072079
06/08/2017;65-74;Respiratory disease;1320;20,037926
13/08/2017;65-74;Respiratory disease;1495;22,69447
20/08/2017;65-74;Respiratory disease;1603;24,333936
27/08/2017;65-74;Respiratory disease;1705;25,882322
03/09/2017;65-74;Respiratory disease;1805;27,400346
10/09/2017;65-74;Respiratory disease;2114;32,091043
17/09/2017;65-74;Respiratory disease;2272;34,489522
24/09/2017;65-74;Respiratory disease;2092;31,757077
01/10/2017;65-74;Respiratory disease;2111;32,045502
08/10/2017;65-74;Respiratory disease;2154;32,698253
15/10/2017;65-74;Respiratory disease;1868;28,356702
22/10/2017;65-74;Respiratory disease;1761;26,732415
29/10/2017;65-74;Respiratory disease;2061;31,28649
05/11/2017;65-74;Respiratory disease;2062;31,30167
12/11/2017;65-74;Respiratory disease;2185;33,16884
19/11/2017;65-74;Respiratory disease;2219;33,684969
26/11/2017;65-74;Respiratory disease;2319;35,202993
03/12/2017;65-74;Respiratory disease;2637;40,030312
10/12/2017;65-74;Respiratory disease;2617;39,726707
17/12/2017;65-74;Respiratory disease;3376;51,248515
24/12/2017;65-74;Respiratory disease;3865;58,671656
31/12/2017;65-74;Respiratory disease;3480;50,963466
07/01/2018;65-74;Respiratory disease;2989;43,772931
14/01/2018;65-74;Respiratory disease;2721;39,848158
21/01/2018;65-74;Respiratory disease;2571;37,651457
28/01/2018;65-74;Respiratory disease;2555;37,417142
04/02/2018;65-74;Respiratory disease;2836;41,532296
11/02/2018;65-74;Respiratory disease;3107;45,501002
18/02/2018;65-74;Respiratory disease;3139;45,969632
25/02/2018;65-74;Respiratory disease;3387;49,601511
04/03/2018;65-74;Respiratory disease;3062;44,841992
11/03/2018;65-74;Respiratory disease;2561;37,50501
18/03/2018;65-74;Respiratory disease;2584;37,841838
25/03/2018;65-74;Respiratory disease;2325;34,048867
01/04/2018;65-74;Respiratory disease;2404;35,205796
08/04/2018;65-74;Respiratory disease;2241;32,818715
15/04/2018;65-74;Respiratory disease;2250;32,950517
22/04/2018;65-74;Respiratory disease;1984;29,055033
29/04/2018;65-74;Respiratory disease;1768;25,891784
06/05/2018;65-74;Respiratory disease;2101;30,76846
13/05/2018;65-74;Respiratory disease;1914;28,029906
20/05/2018;65-74;Respiratory disease;2056;30,10945
27/05/2018;65-74;Respiratory disease;2060;30,168029
03/06/2018;65-74;Respiratory disease;1989;29,128257
10/06/2018;65-74;Respiratory disease;1998;29,260059
17/06/2018;65-74;Respiratory disease;2028;29,699399
24/06/2018;65-74;Respiratory disease;1965;28,776785
01/07/2018;65-74;Respiratory disease;1832;26,829043
08/07/2018;65-74;Respiratory disease;1816;26,594728
15/07/2018;65-74;Respiratory disease;1800;26,360413
22/07/2018;65-74;Respiratory disease;1728;25,305997
29/07/2018;65-74;Respiratory disease;1603;23,475413
05/08/2018;65-74;Respiratory disease;1461;21,395869
12/08/2018;65-74;Respiratory disease;1570;22,992138
19/08/2018;65-74;Respiratory disease;1640;24,017265
26/08/2018;65-74;Respiratory disease;1782;26,096809
02/09/2018;65-74;Respiratory disease;1904;27,883459
09/09/2018;65-74;Respiratory disease;2003;29,333282
16/09/2018;65-74;Respiratory disease;1948;28,527825
23/09/2018;65-74;Respiratory disease;2105;30,827039
30/09/2018;65-74;Respiratory disease;2179;31,910745
07/10/2018;65-74;Respiratory disease;2123;31,090643
14/10/2018;65-74;Respiratory disease;1970;28,850008
21/10/2018;65-74;Respiratory disease;1935;28,337444
28/10/2018;65-74;Respiratory disease;2206;32,306151
04/11/2018;65-74;Respiratory disease;2097;30,709882
11/11/2018;65-74;Respiratory disease;2134;31,251734
18/11/2018;65-74;Respiratory disease;2216;32,452598
25/11/2018;65-74;Respiratory disease;2289;33,521659
02/12/2018;65-74;Respiratory disease;2435;35,659781
09/12/2018;65-74;Respiratory disease;2534;37,109604
16/12/2018;65-74;Respiratory disease;2437;35,689071
23/12/2018;65-74;Respiratory disease;2933;42,952829
30/12/2018;65-74;Respiratory disease;3204;45,6567
06/01/2019;65-74;Respiratory disease;3100;44,17471
13/01/2019;65-74;Respiratory disease;3140;44,744706
20/01/2019;65-74;Respiratory disease;3641;51,883909
27/01/2019;65-74;Respiratory disease;3811;54,306393
03/02/2019;65-74;Respiratory disease;3619;51,570411
10/02/2019;65-74;Respiratory disease;3487;49,689423
17/02/2019;65-74;Respiratory disease;3013;42,934968
24/02/2019;65-74;Respiratory disease;2703;38,517497
03/03/2019;65-74;Respiratory disease;2459;35,04052
10/03/2019;65-74;Respiratory disease;2307;32,874534
17/03/2019;65-74;Respiratory disease;2232;31,805791
24/03/2019;65-74;Respiratory disease;2435;34,698522
31/03/2019;65-74;Respiratory disease;2285;32,561036
07/04/2019;65-74;Respiratory disease;2317;33,017033
14/04/2019;65-74;Respiratory disease;2305;32,846034
21/04/2019;65-74;Respiratory disease;2099;29,910553
28/04/2019;65-74;Respiratory disease;2039;29,055559
05/05/2019;65-74;Respiratory disease;2189;31,193045
12/05/2019;65-74;Respiratory disease;2168;30,893797
19/05/2019;65-74;Respiratory disease;1954;27,844317
26/05/2019;65-74;Respiratory disease;2214;31,549293
02/06/2019;65-74;Respiratory disease;1915;27,288571
09/06/2019;65-74;Respiratory disease;2025;28,85606
16/06/2019;65-74;Respiratory disease;2104;29,981803
23/06/2019;65-74;Respiratory disease;1987;28,314564
30/06/2019;65-74;Respiratory disease;1908;27,188821
07/07/2019;65-74;Respiratory disease;1755;25,008586
14/07/2019;65-74;Respiratory disease;1737;24,752087
21/07/2019;65-74;Respiratory disease;1677;23,897093
28/07/2019;65-74;Respiratory disease;1582;22,543352
04/08/2019;65-74;Respiratory disease;1427;20,334616
11/08/2019;65-74;Respiratory disease;1599;22,7856
18/08/2019;65-74;Respiratory disease;1792;25,535832
25/08/2019;65-74;Respiratory disease;1779;25,350583
01/09/2019;65-74;Respiratory disease;1755;25,008586
08/09/2019;65-74;Respiratory disease;1945;27,716068
15/09/2019;65-74;Respiratory disease;2087;29,739554
22/09/2019;65-74;Respiratory disease;2097;29,882054
29/09/2019;65-74;Respiratory disease;2265;32,276038
06/10/2019;65-74;Respiratory disease;2202;31,378294
13/10/2019;65-74;Respiratory disease;2088;29,753804
20/10/2019;65-74;Respiratory disease;1974;28,129315
27/10/2019;65-74;Respiratory disease;2325;33,131032
03/11/2019;65-74;Respiratory disease;2044;29,126808
10/11/2019;65-74;Respiratory disease;2253;32,105039
17/11/2019;65-74;Respiratory disease;2408;34,313774
24/11/2019;65-74;Respiratory disease;2266;32,290288
01/12/2019;65-74;Respiratory disease;2588;36,878758
08/12/2019;65-74;Respiratory disease;2541;36,209012
15/12/2019;65-74;Respiratory disease;2255;32,133539
22/12/2019;65-74;Respiratory disease;2546;36,280261
29/12/2019;65-74;Respiratory disease;2899;40,22774
05/01/2020;65-74;Respiratory disease;2748;38,1324
12/01/2020;65-74;Respiratory disease;2639;36,619871
19/01/2020;65-74;Respiratory disease;2806;38,937233
26/01/2020;65-74;Respiratory disease;2851;39,561672
02/02/2020;65-74;Respiratory disease;2927;40,61628
09/02/2020;65-74;Respiratory disease;2753;38,201783
16/02/2020;65-74;Respiratory disease;2996;41,573752
23/02/2020;65-74;Respiratory disease;2721;37,757737
01/03/2020;65-74;Respiratory disease;2762;38,32667
08/03/2020;65-74;Respiratory disease;2295;31,846382
15/03/2020;65-74;Respiratory disease;1964;27,253288
22/03/2020;65-74;Respiratory disease;1627;22,576934
29/03/2020;65-74;Respiratory disease;1479;20,523224
05/04/2020;65-74;Respiratory disease;1292;17,928334
12/04/2020;65-74;Respiratory disease;1425;19,773898
19/04/2020;65-74;Respiratory disease;1328;18,427885
26/04/2020;65-74;Respiratory disease;1415;19,635133
03/05/2020;65-74;Respiratory disease;1478;20,509348
10/05/2020;65-74;Respiratory disease;1446;20,065302
17/05/2020;65-74;Respiratory disease;1691;23,465025
24/05/2020;65-74;Respiratory disease;1600;22,202271
31/05/2020;65-74;Respiratory disease;1636;22,701822
07/06/2020;65-74;Respiratory disease;1672;23,201373
14/06/2020;65-74;Respiratory disease;1741;24,158846
21/06/2020;65-74;Respiratory disease;1633;22,660193
28/06/2020;65-74;Respiratory disease;1641;22,771204
27/06/2010;75+;Respiratory disease;4219;75,662215
04/07/2010;75+;Respiratory disease;3704;66,426367
11/07/2010;75+;Respiratory disease;3394;60,866925
18/07/2010;75+;Respiratory disease;3346;60,006108
25/07/2010;75+;Respiratory disease;3183;57,082918
01/08/2010;75+;Respiratory disease;2998;53,765186
08/08/2010;75+;Respiratory disease;3054;54,769472
15/08/2010;75+;Respiratory disease;3107;55,719958
22/08/2010;75+;Respiratory disease;3240;58,105138
29/08/2010;75+;Respiratory disease;3184;57,100851
05/09/2010;75+;Respiratory disease;3258;58,427944
12/09/2010;75+;Respiratory disease;3513;63,001034
19/09/2010;75+;Respiratory disease;4043;72,505886
26/09/2010;75+;Respiratory disease;4355;78,101196
03/10/2010;75+;Respiratory disease;4613;82,728086
10/10/2010;75+;Respiratory disease;4446;79,733161
17/10/2010;75+;Respiratory disease;4259;76,379562
24/10/2010;75+;Respiratory disease;4214;75,572546
31/10/2010;75+;Respiratory disease;4096;73,456372
07/11/2010;75+;Respiratory disease;3952;70,873921
14/11/2010;75+;Respiratory disease;3857;69,170221
21/11/2010;75+;Respiratory disease;3878;69,546828
28/11/2010;75+;Respiratory disease;3928;70,443513
05/12/2010;75+;Respiratory disease;4388;78,693007
12/12/2010;75+;Respiratory disease;4461;80,002166
19/12/2010;75+;Respiratory disease;4719;84,629057
26/12/2010;75+;Respiratory disease;5943;106,57989
02/01/2011;75+;Respiratory disease;6732;118,76971
09/01/2011;75+;Respiratory disease;5797;102,27391
16/01/2011;75+;Respiratory disease;4974;87,754088
23/01/2011;75+;Respiratory disease;4972;87,718803
30/01/2011;75+;Respiratory disease;5231;92,288226
06/02/2011;75+;Respiratory disease;5346;94,31712
13/02/2011;75+;Respiratory disease;5576;98,374909
20/02/2011;75+;Respiratory disease;5234;92,341153
27/02/2011;75+;Respiratory disease;4826;85,142989
06/03/2011;75+;Respiratory disease;5038;88,883212
13/03/2011;75+;Respiratory disease;4978;87,824658
20/03/2011;75+;Respiratory disease;4607;81,279269
27/03/2011;75+;Respiratory disease;4722;83,308163
03/04/2011;75+;Respiratory disease;4546;80,203073
10/04/2011;75+;Respiratory disease;4614;81,402767
17/04/2011;75+;Respiratory disease;4640;81,861473
24/04/2011;75+;Respiratory disease;4453;78,562315
01/05/2011;75+;Respiratory disease;4391;77,468476
08/05/2011;75+;Respiratory disease;4127;72,810841
15/05/2011;75+;Respiratory disease;3865;68,18849
22/05/2011;75+;Respiratory disease;3915;69,070618
29/05/2011;75+;Respiratory disease;3698;65,242183
05/06/2011;75+;Respiratory disease;4111;72,52856
12/06/2011;75+;Respiratory disease;3891;68,647197
19/06/2011;75+;Respiratory disease;3869;68,259061
26/06/2011;75+;Respiratory disease;3885;68,541341
03/07/2011;75+;Respiratory disease;3771;66,53009
10/07/2011;75+;Respiratory disease;3486;61,50196
17/07/2011;75+;Respiratory disease;3542;62,489944
24/07/2011;75+;Respiratory disease;3460;61,043254
31/07/2011;75+;Respiratory disease;3564;62,87808
07/08/2011;75+;Respiratory disease;3253;57,391244
14/08/2011;75+;Respiratory disease;3159;55,732844
21/08/2011;75+;Respiratory disease;3215;56,720827
28/08/2011;75+;Respiratory disease;3220;56,80904
04/09/2011;75+;Respiratory disease;3347;59,049645
11/09/2011;75+;Respiratory disease;3432;60,549262
18/09/2011;75+;Respiratory disease;3547;62,578157
25/09/2011;75+;Respiratory disease;4017;70,870159
02/10/2011;75+;Respiratory disease;4191;73,939964
09/10/2011;75+;Respiratory disease;4227;74,575097
16/10/2011;75+;Respiratory disease;4234;74,698595
23/10/2011;75+;Respiratory disease;4580;80,80292
30/10/2011;75+;Respiratory disease;4493;79,268017
06/11/2011;75+;Respiratory disease;4271;75,351369
13/11/2011;75+;Respiratory disease;4456;78,615243
20/11/2011;75+;Respiratory disease;4631;81,70269
27/11/2011;75+;Respiratory disease;4830;85,21356
04/12/2011;75+;Respiratory disease;5232;92,305868
11/12/2011;75+;Respiratory disease;5177;91,335528
18/12/2011;75+;Respiratory disease;5303;93,55849
25/12/2011;75+;Respiratory disease;6234;109,98371
01/01/2012;75+;Respiratory disease;6999;121,68678
08/01/2012;75+;Respiratory disease;6060;105,36103
15/01/2012;75+;Respiratory disease;5968;103,76149
22/01/2012;75+;Respiratory disease;5706;99,20628
29/01/2012;75+;Respiratory disease;5703;99,154121
05/02/2012;75+;Respiratory disease;6385;111,01158
12/02/2012;75+;Respiratory disease;7639;132,81402
19/02/2012;75+;Respiratory disease;8416;146,32318
26/02/2012;75+;Respiratory disease;8499;147,76624
04/03/2012;75+;Respiratory disease;7154;124,38166
11/03/2012;75+;Respiratory disease;6529;113,51521
18/03/2012;75+;Respiratory disease;5806;100,94491
25/03/2012;75+;Respiratory disease;5310;92,321302
01/04/2012;75+;Respiratory disease;5088;88,461541
08/04/2012;75+;Respiratory disease;4882;84,879961
15/04/2012;75+;Respiratory disease;5048;87,766089
22/04/2012;75+;Respiratory disease;4821;83,819397
29/04/2012;75+;Respiratory disease;4484;77,96021
06/05/2012;75+;Respiratory disease;4165;72,413978
13/05/2012;75+;Respiratory disease;3893;67,684902
20/05/2012;75+;Respiratory disease;4273;74,291699
27/05/2012;75+;Respiratory disease;4009;69,701714
03/06/2012;75+;Respiratory disease;3891;67,650129
10/06/2012;75+;Respiratory disease;3859;67,093767
17/06/2012;75+;Respiratory disease;4228;73,509315
24/06/2012;75+;Respiratory disease;4152;72,187956
01/07/2012;75+;Respiratory disease;3981;69,214897
08/07/2012;75+;Respiratory disease;3769;65,528999
15/07/2012;75+;Respiratory disease;3867;67,232858
22/07/2012;75+;Respiratory disease;3944;68,571603
29/07/2012;75+;Respiratory disease;3608;62,729804
05/08/2012;75+;Respiratory disease;3429;59,617654
12/08/2012;75+;Respiratory disease;3331;57,913796
19/08/2012;75+;Respiratory disease;3551;61,738784
26/08/2012;75+;Respiratory disease;3273;56,90539
02/09/2012;75+;Respiratory disease;3178;55,253691
09/09/2012;75+;Respiratory disease;3500;60,852082
16/09/2012;75+;Respiratory disease;3752;65,233432
23/09/2012;75+;Respiratory disease;4193;72,900794
30/09/2012;75+;Respiratory disease;4409;76,656237
07/10/2012;75+;Respiratory disease;4777;83,054399
14/10/2012;75+;Respiratory disease;4665;81,107132
21/10/2012;75+;Respiratory disease;4690;81,54179
28/10/2012;75+;Respiratory disease;4790;83,280421
04/11/2012;75+;Respiratory disease;4665;81,107132
11/11/2012;75+;Respiratory disease;4614;80,220431
18/11/2012;75+;Respiratory disease;4689;81,524404
25/11/2012;75+;Respiratory disease;4817;83,749851
02/12/2012;75+;Respiratory disease;5389;93,69482
09/12/2012;75+;Respiratory disease;5934;103,17036
16/12/2012;75+;Respiratory disease;6592;114,61055
23/12/2012;75+;Respiratory disease;7541;131,11016
30/12/2012;75+;Respiratory disease;7179;123,37159
06/01/2013;75+;Respiratory disease;6690;114,96809
13/01/2013;75+;Respiratory disease;6542;112,4247
20/01/2013;75+;Respiratory disease;6900;118,57695
27/01/2013;75+;Respiratory disease;6825;117,28807
03/02/2013;75+;Respiratory disease;7136;122,63263
10/02/2013;75+;Respiratory disease;6962;119,64243
17/02/2013;75+;Respiratory disease;7067;121,44686
24/02/2013;75+;Respiratory disease;7294;125,34787
03/03/2013;75+;Respiratory disease;5876;100,97945
10/03/2013;75+;Respiratory disease;5575;95,806741
17/03/2013;75+;Respiratory disease;4936;84,825484
24/03/2013;75+;Respiratory disease;5089;87,454799
31/03/2013;75+;Respiratory disease;5045;86,698656
07/04/2013;75+;Respiratory disease;4914;84,447412
14/04/2013;75+;Respiratory disease;4568;78,50138
21/04/2013;75+;Respiratory disease;4421;75,975175
28/04/2013;75+;Respiratory disease;4237;72,813123
05/05/2013;75+;Respiratory disease;4384;75,339328
12/05/2013;75+;Respiratory disease;4181;71,850759
19/05/2013;75+;Respiratory disease;4505;77,418721
26/05/2013;75+;Respiratory disease;4547;78,140493
02/06/2013;75+;Respiratory disease;4391;75,459623
09/06/2013;75+;Respiratory disease;4332;74,445704
16/06/2013;75+;Respiratory disease;3961;68,070045
23/06/2013;75+;Respiratory disease;4007;68,860558
30/06/2013;75+;Respiratory disease;4265;73,294305
07/07/2013;75+;Respiratory disease;3798;65,268879
14/07/2013;75+;Respiratory disease;3907;67,142051
21/07/2013;75+;Respiratory disease;3489;59,958694
28/07/2013;75+;Respiratory disease;3172;54,511028
04/08/2013;75+;Respiratory disease;3070;52,758151
11/08/2013;75+;Respiratory disease;3285;56,452941
18/08/2013;75+;Respiratory disease;3270;56,195165
25/08/2013;75+;Respiratory disease;3313;56,934122
01/09/2013;75+;Respiratory disease;3327;57,174713
08/09/2013;75+;Respiratory disease;3727;64,04874
15/09/2013;75+;Respiratory disease;4490;77,160945
22/09/2013;75+;Respiratory disease;4308;74,033263
29/09/2013;75+;Respiratory disease;4081;70,132253
06/10/2013;75+;Respiratory disease;4415;75,872065
13/10/2013;75+;Respiratory disease;4639;79,721519
20/10/2013;75+;Respiratory disease;4253;73,088084
27/10/2013;75+;Respiratory disease;4338;74,548815
03/11/2013;75+;Respiratory disease;3969;68,207525
10/11/2013;75+;Respiratory disease;4331;74,428519
17/11/2013;75+;Respiratory disease;4464;76,714133
24/11/2013;75+;Respiratory disease;4647;79,859
01/12/2013;75+;Respiratory disease;4930;84,722374
08/12/2013;75+;Respiratory disease;5294;90,977737
15/12/2013;75+;Respiratory disease;5683;97,662728
22/12/2013;75+;Respiratory disease;6626;113,86824
29/12/2013;75+;Respiratory disease;6559;111,30158
05/01/2014;75+;Respiratory disease;5938;100,76365
12/01/2014;75+;Respiratory disease;5497;93,280195
19/01/2014;75+;Respiratory disease;5725;97,149193
26/01/2014;75+;Respiratory disease;5862;99,473986
02/02/2014;75+;Respiratory disease;6153;104,41205
09/02/2014;75+;Respiratory disease;5991;101,66302
16/02/2014;75+;Respiratory disease;5890;99,949126
23/02/2014;75+;Respiratory disease;5759;97,726149
02/03/2014;75+;Respiratory disease;5626;95,469233
09/03/2014;75+;Respiratory disease;5095;86,458539
16/03/2014;75+;Respiratory disease;4829;81,944708
23/03/2014;75+;Respiratory disease;5030;85,355536
30/03/2014;75+;Respiratory disease;4612;78,262372
06/04/2014;75+;Respiratory disease;4459;75,66607
13/04/2014;75+;Respiratory disease;4639;78,720543
20/04/2014;75+;Respiratory disease;4487;76,14121
27/04/2014;75+;Respiratory disease;4231;71,797072
04/05/2014;75+;Respiratory disease;4259;72,272212
11/05/2014;75+;Respiratory disease;4268;72,424935
18/05/2014;75+;Respiratory disease;3941;66,875977
25/05/2014;75+;Respiratory disease;4231;71,797072
01/06/2014;75+;Respiratory disease;4248;72,08555
08/06/2014;75+;Respiratory disease;3950;67,028701
15/06/2014;75+;Respiratory disease;3903;66,231144
22/06/2014;75+;Respiratory disease;3859;65,484495
29/06/2014;75+;Respiratory disease;3773;64,025136
06/07/2014;75+;Respiratory disease;3798;64,449369
13/07/2014;75+;Respiratory disease;3932;66,723254
20/07/2014;75+;Respiratory disease;3558;60,376739
27/07/2014;75+;Respiratory disease;3380;57,356205
03/08/2014;75+;Respiratory disease;3169;53,775684
10/08/2014;75+;Respiratory disease;3371;57,203481
17/08/2014;75+;Respiratory disease;3579;60,733094
24/08/2014;75+;Respiratory disease;3529;59,884629
31/08/2014;75+;Respiratory disease;3540;60,071291
07/09/2014;75+;Respiratory disease;3779;64,126952
14/09/2014;75+;Respiratory disease;3936;66,791131
21/09/2014;75+;Respiratory disease;4151;70,439528
28/09/2014;75+;Respiratory disease;4375;74,24065
05/10/2014;75+;Respiratory disease;4496;76,293934
12/10/2014;75+;Respiratory disease;4383;74,376404
19/10/2014;75+;Respiratory disease;4416;74,936391
26/10/2014;75+;Respiratory disease;4648;78,873266
02/11/2014;75+;Respiratory disease;4292;72,832198
09/11/2014;75+;Respiratory disease;4468;75,818794
16/11/2014;75+;Respiratory disease;4608;78,194495
23/11/2014;75+;Respiratory disease;4724;80,162932
30/11/2014;75+;Respiratory disease;5192;88,104561
07/12/2014;75+;Respiratory disease;5578;94,654707
14/12/2014;75+;Respiratory disease;6000;101,81575
21/12/2014;75+;Respiratory disease;7682;130,3581
28/12/2014;75+;Respiratory disease;8075;135,30968
04/01/2015;75+;Respiratory disease;7625;127,7692
11/01/2015;75+;Respiratory disease;7285;122,07195
18/01/2015;75+;Respiratory disease;8528;142,90042
25/01/2015;75+;Respiratory disease;8843;148,17876
01/02/2015;75+;Respiratory disease;9996;167,49914
08/02/2015;75+;Respiratory disease;9755;163,46079
15/02/2015;75+;Respiratory disease;8451;141,61016
22/02/2015;75+;Respiratory disease;6731;112,78878
01/03/2015;75+;Respiratory disease;5995;100,45591
08/03/2015;75+;Respiratory disease;5333;89,363034
15/03/2015;75+;Respiratory disease;5145;86,21279
22/03/2015;75+;Respiratory disease;5011;83,967404
29/03/2015;75+;Respiratory disease;4834;81,001483
05/04/2015;75+;Respiratory disease;5106;85,559282
12/04/2015;75+;Respiratory disease;4690;78,58853
19/04/2015;75+;Respiratory disease;4400;73,729111
26/04/2015;75+;Respiratory disease;4312;72,254529
03/05/2015;75+;Respiratory disease;4121;69,054015
10/05/2015;75+;Respiratory disease;4043;67,746999
17/05/2015;75+;Respiratory disease;4145;69,456174
24/05/2015;75+;Respiratory disease;4318;72,355069
31/05/2015;75+;Respiratory disease;4246;71,148592
07/06/2015;75+;Respiratory disease;4057;67,981592
14/06/2015;75+;Respiratory disease;4006;67,127004
21/06/2015;75+;Respiratory disease;4251;71,232375
28/06/2015;75+;Respiratory disease;4122;69,070772
05/07/2015;75+;Respiratory disease;3614;60,558411
12/07/2015;75+;Respiratory disease;3723;62,384882
19/07/2015;75+;Respiratory disease;3458;57,944379
26/07/2015;75+;Respiratory disease;3597;60,273548
02/08/2015;75+;Respiratory disease;3471;58,162215
09/08/2015;75+;Respiratory disease;3378;56,603849
16/08/2015;75+;Respiratory disease;3495;58,564374
23/08/2015;75+;Respiratory disease;3521;59,000046
30/08/2015;75+;Respiratory disease;3633;60,876787
06/09/2015;75+;Respiratory disease;3948;66,155121
13/09/2015;75+;Respiratory disease;4199;70,361031
20/09/2015;75+;Respiratory disease;4645;77,834482
27/09/2015;75+;Respiratory disease;5170;86,631706
04/10/2015;75+;Respiratory disease;4967;83,230113
11/10/2015;75+;Respiratory disease;4824;80,833916
18/10/2015;75+;Respiratory disease;4796;80,364731
25/10/2015;75+;Respiratory disease;4634;77,650159
01/11/2015;75+;Respiratory disease;4344;72,790741
08/11/2015;75+;Respiratory disease;4575;76,661519
15/11/2015;75+;Respiratory disease;4416;73,997217
22/11/2015;75+;Respiratory disease;4661;78,102588
29/11/2015;75+;Respiratory disease;5093;85,341446
06/12/2015;75+;Respiratory disease;5476;91,75923
13/12/2015;75+;Respiratory disease;5398;90,452214
20/12/2015;75+;Respiratory disease;7114;119,20657
27/12/2015;75+;Respiratory disease;7917;132,0641
03/01/2016;75+;Respiratory disease;6571;109,61137
10/01/2016;75+;Respiratory disease;5976;99,686129
17/01/2016;75+;Respiratory disease;6115;102,0048
24/01/2016;75+;Respiratory disease;6044;100,82044
31/01/2016;75+;Respiratory disease;6162;102,78881
07/02/2016;75+;Respiratory disease;5942;99,118972
14/02/2016;75+;Respiratory disease;6220;103,75631
21/02/2016;75+;Respiratory disease;6197;103,37265
28/02/2016;75+;Respiratory disease;5958;99,385869
06/03/2016;75+;Respiratory disease;6016;100,35337
13/03/2016;75+;Respiratory disease;6477;108,04335
20/03/2016;75+;Respiratory disease;6213;103,63954
27/03/2016;75+;Respiratory disease;5723;95,465816
03/04/2016;75+;Respiratory disease;5288;88,209546
10/04/2016;75+;Respiratory disease;4718;78,701331
17/04/2016;75+;Respiratory disease;4511;75,248348
24/04/2016;75+;Respiratory disease;4327;72,179029
01/05/2016;75+;Respiratory disease;4634;77,300121
08/05/2016;75+;Respiratory disease;4083;68,108846
15/05/2016;75+;Respiratory disease;4374;72,96304
22/05/2016;75+;Respiratory disease;4406;73,496835
29/05/2016;75+;Respiratory disease;4527;75,515245
05/06/2016;75+;Respiratory disease;4443;74,114035
12/06/2016;75+;Respiratory disease;4316;71,995537
19/06/2016;75+;Respiratory disease;4389;73,213256
26/06/2016;75+;Respiratory disease;4328;72,19571
03/07/2016;75+;Respiratory disease;3901;65,07289
10/07/2016;75+;Respiratory disease;4297;71,678597
17/07/2016;75+;Respiratory disease;3761;62,737539
24/07/2016;75+;Respiratory disease;3671;61,236241
31/07/2016;75+;Respiratory disease;3625;60,468912
07/08/2016;75+;Respiratory disease;3587;59,835031
14/08/2016;75+;Respiratory disease;3567;59,501409
21/08/2016;75+;Respiratory disease;3532;58,917571
28/08/2016;75+;Respiratory disease;3653;60,935982
04/09/2016;75+;Respiratory disease;3719;62,036933
11/09/2016;75+;Respiratory disease;4002;66,757679
18/09/2016;75+;Respiratory disease;4347;72,512651
25/09/2016;75+;Respiratory disease;4611;76,916456
02/10/2016;75+;Respiratory disease;4968;82,871601
09/10/2016;75+;Respiratory disease;5095;84,990098
16/10/2016;75+;Respiratory disease;5077;84,689839
23/10/2016;75+;Respiratory disease;4804;80,135904
30/10/2016;75+;Respiratory disease;4785;79,818964
06/11/2016;75+;Respiratory disease;4945;82,487936
13/11/2016;75+;Respiratory disease;5006;83,505482
20/11/2016;75+;Respiratory disease;5170;86,241179
27/11/2016;75+;Respiratory disease;6130;102,25501
04/12/2016;75+;Respiratory disease;7250;120,93782
11/12/2016;75+;Respiratory disease;9027;150,5801
18/12/2016;75+;Respiratory disease;11898;198,47148
25/12/2016;75+;Respiratory disease;12426;207,27909
01/01/2017;75+;Respiratory disease;10318;171,02656
08/01/2017;75+;Respiratory disease;8752;145,06925
15/01/2017;75+;Respiratory disease;8985;148,93135
22/01/2017;75+;Respiratory disease;9116;151,10275
29/01/2017;75+;Respiratory disease;7538;124,94652
05/02/2017;75+;Respiratory disease;6690;110,89045
12/02/2017;75+;Respiratory disease;5870;97,2985
19/02/2017;75+;Respiratory disease;5486;90,933487
26/02/2017;75+;Respiratory disease;5011;83,060099
05/03/2017;75+;Respiratory disease;4873;80,772673
12/03/2017;75+;Respiratory disease;4817;79,844442
19/03/2017;75+;Respiratory disease;4761;78,916211
26/03/2017;75+;Respiratory disease;4598;76,214396
02/04/2017;75+;Respiratory disease;4637;76,860842
09/04/2017;75+;Respiratory disease;4475;74,175602
16/04/2017;75+;Respiratory disease;4734;78,468671
23/04/2017;75+;Respiratory disease;4498;74,55684
30/04/2017;75+;Respiratory disease;4418;73,230796
07/05/2017;75+;Respiratory disease;4493;74,473962
14/05/2017;75+;Respiratory disease;4254;70,512405
21/05/2017;75+;Respiratory disease;4396;72,866134
28/05/2017;75+;Respiratory disease;3963;65,688919
04/06/2017;75+;Respiratory disease;4095;67,876892
11/06/2017;75+;Respiratory disease;4239;70,263772
18/06/2017;75+;Respiratory disease;3833;63,534097
25/06/2017;75+;Respiratory disease;3897;64,594932
02/07/2017;75+;Respiratory disease;3656;60,600224
09/07/2017;75+;Respiratory disease;3652;60,533922
16/07/2017;75+;Respiratory disease;3595;59,589115
23/07/2017;75+;Respiratory disease;3684;61,06434
30/07/2017;75+;Respiratory disease;3434;56,920451
06/08/2017;75+;Respiratory disease;3503;58,064164
13/08/2017;75+;Respiratory disease;3658;60,633375
20/08/2017;75+;Respiratory disease;3649;60,484195
27/08/2017;75+;Respiratory disease;3434;56,920451
03/09/2017;75+;Respiratory disease;3733;61,876542
10/09/2017;75+;Respiratory disease;4646;77,010022
17/09/2017;75+;Respiratory disease;5213;86,408361
24/09/2017;75+;Respiratory disease;5132;85,065741
01/10/2017;75+;Respiratory disease;5076;84,13751
08/10/2017;75+;Respiratory disease;5185;85,944245
15/10/2017;75+;Respiratory disease;4552;75,45192
22/10/2017;75+;Respiratory disease;4484;74,324782
29/10/2017;75+;Respiratory disease;4742;78,601275
05/11/2017;75+;Respiratory disease;4838;80,192528
12/11/2017;75+;Respiratory disease;4922;81,584875
19/11/2017;75+;Respiratory disease;5022;83,24243
26/11/2017;75+;Respiratory disease;5550;91,994323
03/12/2017;75+;Respiratory disease;6332;104,95641
10/12/2017;75+;Respiratory disease;6503;107,79083
17/12/2017;75+;Respiratory disease;8872;147,05831
24/12/2017;75+;Respiratory disease;10554;174,93839
31/12/2017;75+;Respiratory disease;8722;143,72805
07/01/2018;75+;Respiratory disease;7506;123,68983
14/01/2018;75+;Respiratory disease;6806;112,15468
21/01/2018;75+;Respiratory disease;6518;107,40878
28/01/2018;75+;Respiratory disease;6573;108,31512
04/02/2018;75+;Respiratory disease;7231;119,15816
11/02/2018;75+;Respiratory disease;7803;128,58403
18/02/2018;75+;Respiratory disease;8508;140,20159
25/02/2018;75+;Respiratory disease;9097;149,9076
04/03/2018;75+;Respiratory disease;8097;133,4288
11/03/2018;75+;Respiratory disease;6446;106,22231
18/03/2018;75+;Respiratory disease;6271;103,33852
25/03/2018;75+;Respiratory disease;6000;98,872768
01/04/2018;75+;Respiratory disease;5862;96,598694
08/04/2018;75+;Respiratory disease;5175;85,277762
15/04/2018;75+;Respiratory disease;4817;79,378354
22/04/2018;75+;Respiratory disease;4276;70,463326
29/04/2018;75+;Respiratory disease;4232;69,738259
06/05/2018;75+;Respiratory disease;4320;71,188393
13/05/2018;75+;Respiratory disease;4274;70,430368
20/05/2018;75+;Respiratory disease;4377;72,127684
27/05/2018;75+;Respiratory disease;4252;70,067835
03/06/2018;75+;Respiratory disease;4083;67,282919
10/06/2018;75+;Respiratory disease;4168;68,683616
17/06/2018;75+;Respiratory disease;4300;70,858817
24/06/2018;75+;Respiratory disease;4331;71,36966
01/07/2018;75+;Respiratory disease;3985;65,667997
08/07/2018;75+;Respiratory disease;3956;65,190112
15/07/2018;75+;Respiratory disease;3932;64,794621
22/07/2018;75+;Respiratory disease;3937;64,877015
29/07/2018;75+;Respiratory disease;3834;63,179699
05/08/2018;75+;Respiratory disease;3356;55,302835
12/08/2018;75+;Respiratory disease;3653;60,197037
19/08/2018;75+;Respiratory disease;3419;56,340999
26/08/2018;75+;Respiratory disease;3652;60,180558
02/09/2018;75+;Respiratory disease;3786;62,388717
09/09/2018;75+;Respiratory disease;4010;66,079967
16/09/2018;75+;Respiratory disease;4202;69,243895
23/09/2018;75+;Respiratory disease;4418;72,803315
30/09/2018;75+;Respiratory disease;4681;77,137238
07/10/2018;75+;Respiratory disease;4695;77,367941
14/10/2018;75+;Respiratory disease;4543;74,863164
21/10/2018;75+;Respiratory disease;4650;76,626395
28/10/2018;75+;Respiratory disease;4820;79,42779
04/11/2018;75+;Respiratory disease;4619;76,115553
11/11/2018;75+;Respiratory disease;4636;76,395692
18/11/2018;75+;Respiratory disease;4959;81,718343
25/11/2018;75+;Respiratory disease;5123;84,420865
02/12/2018;75+;Respiratory disease;5124;84,437344
09/12/2018;75+;Respiratory disease;5655;93,187584
16/12/2018;75+;Respiratory disease;6627;109,20497
23/12/2018;75+;Respiratory disease;8055;132,73669
30/12/2018;75+;Respiratory disease;8167;132,82701
06/01/2019;75+;Respiratory disease;8141;132,40415
13/01/2019;75+;Respiratory disease;8227;133,80284
20/01/2019;75+;Respiratory disease;9531;155,01092
27/01/2019;75+;Respiratory disease;9723;158,13358
03/02/2019;75+;Respiratory disease;9699;157,74325
10/02/2019;75+;Respiratory disease;8858;144,06534
17/02/2019;75+;Respiratory disease;7490;121,81637
24/02/2019;75+;Respiratory disease;6436;104,67425
03/03/2019;75+;Respiratory disease;5398;87,792357
10/03/2019;75+;Respiratory disease;5005;81,400657
17/03/2019;75+;Respiratory disease;4885;79,448993
24/03/2019;75+;Respiratory disease;5264;85,612999
31/03/2019;75+;Respiratory disease;4900;79,692951
07/04/2019;75+;Respiratory disease;5060;82,29517
14/04/2019;75+;Respiratory disease;5212;84,767278
21/04/2019;75+;Respiratory disease;4707;76,554025
28/04/2019;75+;Respiratory disease;4516;73,447626
05/05/2019;75+;Respiratory disease;4570;74,325875
12/05/2019;75+;Respiratory disease;4596;74,748735
19/05/2019;75+;Respiratory disease;4377;71,186948
26/05/2019;75+;Respiratory disease;4618;75,106541
02/06/2019;75+;Respiratory disease;4114;66,909551
09/06/2019;75+;Respiratory disease;4361;70,926727
16/06/2019;75+;Respiratory disease;4406;71,658601
23/06/2019;75+;Respiratory disease;4176;67,917911
30/06/2019;75+;Respiratory disease;4011;65,234373
07/07/2019;75+;Respiratory disease;3894;63,3315
14/07/2019;75+;Respiratory disease;4000;65,05547
21/07/2019;75+;Respiratory disease;3636;59,135423
28/07/2019;75+;Respiratory disease;3512;57,118703
04/08/2019;75+;Respiratory disease;3218;52,337126
11/08/2019;75+;Respiratory disease;3509;57,069911
18/08/2019;75+;Respiratory disease;3730;60,664226
25/08/2019;75+;Respiratory disease;3443;55,996496
01/09/2019;75+;Respiratory disease;3548;57,704202
08/09/2019;75+;Respiratory disease;4205;68,389563
15/09/2019;75+;Respiratory disease;4257;69,235284
22/09/2019;75+;Respiratory disease;4414;71,788712
29/09/2019;75+;Respiratory disease;4713;76,651608
06/10/2019;75+;Respiratory disease;5083;82,669239
13/10/2019;75+;Respiratory disease;4829;78,538217
20/10/2019;75+;Respiratory disease;4783;77,790079
27/10/2019;75+;Respiratory disease;5161;83,937821
03/11/2019;75+;Respiratory disease;4925;80,099548
10/11/2019;75+;Respiratory disease;5132;83,466168
17/11/2019;75+;Respiratory disease;5141;83,612543
24/11/2019;75+;Respiratory disease;4963;80,717575
01/12/2019;75+;Respiratory disease;5555;90,345784
08/12/2019;75+;Respiratory disease;5780;94,005155
15/12/2019;75+;Respiratory disease;5736;93,289544
22/12/2019;75+;Respiratory disease;6923;112,59476
29/12/2019;75+;Respiratory disease;6998;112,24968
05/01/2020;75+;Respiratory disease;6404;102,72177
12/01/2020;75+;Respiratory disease;6047;96,995404
19/01/2020;75+;Respiratory disease;6363;102,06412
26/01/2020;75+;Respiratory disease;6349;101,83956
02/02/2020;75+;Respiratory disease;6448;103,42755
09/02/2020;75+;Respiratory disease;6401;102,67365
16/02/2020;75+;Respiratory disease;6341;101,71124
23/02/2020;75+;Respiratory disease;6007;96,353794
01/03/2020;75+;Respiratory disease;5423;86,986287
08/03/2020;75+;Respiratory disease;4444;71,28288
15/03/2020;75+;Respiratory disease;3642;58,418598
22/03/2020;75+;Respiratory disease;3120;50,045586
29/03/2020;75+;Respiratory disease;3054;48,98693
05/04/2020;75+;Respiratory disease;2832;45,425994
12/04/2020;75+;Respiratory disease;2745;44,030492
19/04/2020;75+;Respiratory disease;2680;42,987875
26/04/2020;75+;Respiratory disease;2744;44,014452
03/05/2020;75+;Respiratory disease;2952;47,350824
10/05/2020;75+;Respiratory disease;2809;45,057068
17/05/2020;75+;Respiratory disease;2961;47,495186
24/05/2020;75+;Respiratory disease;2945;47,238542
31/05/2020;75+;Respiratory disease;3019;48,425521
07/06/2020;75+;Respiratory disease;2972;47,671629
14/06/2020;75+;Respiratory disease;3112;49,917264
21/06/2020;75+;Respiratory disease;3000;48,120756
28/06/2020;75+;Respiratory disease;2955;47,398945
